<launch>
  <arg name="map_size_x_"/>
  <arg name="map_size_y_"/>
  <arg name="map_size_z_"/>

  <arg name="odometry_topic"/>
  <arg name="camera_pose_topic"/>
  <arg name="depth_topic"/>
  <arg name="cloud_topic"/>

  <arg name="cx"/>
  <arg name="cy"/>
  <arg name="fx"/>
  <arg name="fy"/>

  <arg name="max_vel"/>
  <arg name="max_acc"/>

  <arg name="point_num"/>
  <arg name="point0_x"/>
  <arg name="point0_y"/>
  <arg name="point0_z"/>
  <arg name="point1_x"/>
  <arg name="point1_y"/>
  <arg name="point1_z"/>
  <arg name="point2_x"/>
  <arg name="point2_y"/>
  <arg name="point2_z"/>

  <arg name="flight_type"/>

  <!-- main node -->
  <node pkg="plan_manage" name="fast_planner_node" type="fast_planner_node" output="screen">
    <remap from="/odom_world" to="$(arg odometry_topic)"/>
    <remap from="/sdf_map/odom" to="$(arg odometry_topic)"/>
    <remap from="/sdf_map/cloud" to="$(arg cloud_topic)"/>
    <remap from = "/sdf_map/pose"   to = "$(arg camera_pose_topic)"/> 
    <remap from = "/sdf_map/depth" to = "$(arg depth_topic)"/>

    <!-- replanning method -->
    <param name="planner_node/planner" value="3" type="int"/>

    <!-- planning fsm -->
    <param name="fsm/flight_type" value="$(arg flight_type)" type="int"/>
    <param name="fsm/thresh_replan" value="2.0" type="double"/>
    <param name="fsm/thresh_no_replan" value="2.0" type="double"/>

    <param name="fsm/waypoint_num" value="$(arg point_num)" type="int"/>
    <param name="fsm/waypoint0_x" value="$(arg point0_x)" type="double"/>
    <param name="fsm/waypoint0_y" value="$(arg point0_y)" type="double"/>
    <param name="fsm/waypoint0_z" value="$(arg point0_z)" type="double"/>
    <param name="fsm/waypoint1_x" value="$(arg point1_x)" type="double"/>
    <param name="fsm/waypoint1_y" value="$(arg point1_y)" type="double"/>
    <param name="fsm/waypoint1_z" value="$(arg point1_z)" type="double"/>
    <param name="fsm/waypoint2_x" value="$(arg point2_x)" type="double"/>
    <param name="fsm/waypoint2_y" value="$(arg point2_y)" type="double"/>
    <param name="fsm/waypoint2_z" value="$(arg point2_z)" type="double"/>

    <param name="sdf_map/resolution"      value="0.1" /> 
    <param name="sdf_map/map_size_x"   value="$(arg map_size_x_)" /> 
    <param name="sdf_map/map_size_y"   value="$(arg map_size_y_)" /> 
    <param name="sdf_map/map_size_z"   value="$(arg map_size_z_)" /> 
    <param name="sdf_map/local_update_range_x"  value="5.5" /> 
    <param name="sdf_map/local_update_range_y"  value="5.5" /> 
    <param name="sdf_map/local_update_range_z"  value="4.5" /> 
    <param name="sdf_map/obstacles_inflation"     value="0.099" /> 
    <param name="sdf_map/local_bound_inflate"    value="0.0"/>
    <param name="sdf_map/local_map_margin" value="50"/>
    <param name="sdf_map/ground_height"        value="-1.0"/>
    <!-- camera parameter -->
    <param name="sdf_map/cx" value="$(arg cx)"/>
    <param name="sdf_map/cy" value="$(arg cy)"/>
    <param name="sdf_map/fx" value="$(arg fx)"/>
    <param name="sdf_map/fy" value="$(arg fy)"/>
    <!-- depth filter -->
    <param name="sdf_map/use_depth_filter" value="true"/>
    <param name="sdf_map/depth_filter_tolerance" value="0.15"/>
    <param name="sdf_map/depth_filter_maxdist"   value="5.0"/>
    <param name="sdf_map/depth_filter_mindist"   value="0.2"/>
    <param name="sdf_map/depth_filter_margin"    value="2"/>
    <param name="sdf_map/k_depth_scaling_factor" value="1000.0"/>
    <param name="sdf_map/skip_pixel" value="2"/>
    <!-- local fusion -->
    <param name="sdf_map/p_hit"  value="0.65"/>
    <param name="sdf_map/p_miss" value="0.35"/>
    <param name="sdf_map/p_min"  value="0.12"/>
    <param name="sdf_map/p_max"  value="0.90"/>
    <param name="sdf_map/p_occ"  value="0.80"/>
    <param name="sdf_map/min_ray_length" value="0.5"/>
    <param name="sdf_map/max_ray_length" value="4.5"/>

    <param name="sdf_map/esdf_slice_height" value="0.3"/>
    <param name="sdf_map/visualization_truncate_height"   value="2.49"/>
    <param name="sdf_map/virtual_ceil_height"   value="2.5"/>
    <param name="sdf_map/show_occ_time"  value="false"/>
    <param name="sdf_map/show_esdf_time" value="false"/>
    <param name="sdf_map/pose_type"     value="1"/>  
    <param name="sdf_map/frame_id"      value="world"/>

  <!-- planner manager -->
    <param name="manager/max_vel" value="$(arg max_vel)" type="double"/>
    <param name="manager/max_acc" value="$(arg max_acc)" type="double"/>
    <param name="manager/max_jerk" value="4" type="double"/>
    <param name="manager/dynamic_environment" value="0" type="int"/>
    <param name="manager/local_segment_length" value="6.0" type="double"/>
    <param name="manager/clearance_threshold" value="0.2" type="double"/>
    <param name="manager/control_points_distance" value="0.5" type="double"/>

    <param name="manager/use_geometric_path" value="true" type="bool"/>
    <param name="manager/use_kinodynamic_path" value="false" type="bool"/>
    <param name="manager/use_topo_path" value="true" type="bool"/>
    <param name="manager/use_optimization" value="true" type="bool"/>
    <param name="manager/use_active_perception" value="true" type="bool"/>

  <!-- kinodynamic path searching -->
    <param name="search/max_tau" value="0.6" type="double"/>
    <param name="search/init_max_tau" value="0.8" type="double"/>
    <param name="search/max_vel" value="$(arg max_vel)" type="double"/>
    <param name="search/max_acc" value="$(arg max_acc)" type="double"/>
    <param name="search/w_time" value="10.0" type="double"/>
    <param name="search/horizon" value="7.0" type="double"/>
    <param name="search/lambda_heu" value="5.0" type="double"/>
    <param name="search/resolution_astar" value="0.1" type="double"/>
    <param name="search/time_resolution" value="0.8" type="double"/>
    <param name="search/margin" value="0.2" type="double"/>
    <param name="search/allocate_num" value="100000" type="int"/>
    <param name="search/check_num" value="5" type="int"/>

  <!-- kinodynamic path searching -->
  nh.param("astar/allocate_num", allocate_num_, -1);
    <param name="astar/resolution_astar" value="0.1" type="double"/>
    <param name="astar/lambda_heu" value="1.0" type="double"/>
    <param name="astar/margin" value="0.1" type="double"/>
    <param name="astar/allocate_num" value="100000" type="double"/>

  <!-- trajectory optimization -->
    <param name="optimization/ld_smooth" value="10.0" type="double"/>
    <param name="optimization/ld_dist" value="0.8" type="double"/>
    <param name="optimization/ld_feasi" value="0.00001" type="double"/>
    <param name="optimization/lambda4" value="1" type="double"/>
    <param name="optimization/ld_waypt" value="100.0" type="double"/>
    <param name="optimization/dist0" value="0.7" type="double"/>
    <param name="optimization/max_vel" value="$(arg max_vel)" type="double"/>
    <param name="optimization/max_acc" value="$(arg max_acc)" type="double"/>

    <param name="optimization/algorithm1" value="15" type="int"/>
    <param name="optimization/algorithm2" value="11" type="int"/>
    <param name="optimization/max_iteration_num1" value="2" type="int"/>
    <param name="optimization/max_iteration_num2" value="300" type="int"/>
    <param name="optimization/max_iteration_time1" value="0.0001" type="double"/>
    <param name="optimization/max_iteration_time2" value="0.005" type="double"/>

    <param name="bspline/limit_vel" value="$(arg max_vel)" type="double"/>
    <param name="bspline/limit_acc" value="$(arg max_acc)" type="double"/>
    <param name="bspline/limit_ratio" value="1.1" type="double"/>

    <param name="heading_planner/yaw_diff" value="$(eval 5 * 3.1415926 / 180.0)" type="double"/>
    <param name="heading_planner/half_vert_num" value="4" type="int"/>
    <param name="heading_planner/lambda1" value="2.0" type="double"/>
    <param name="heading_planner/lambda2" value="1.0" type="double"/>
    <param name="heading_planner/max_yaw_rate" value="$(eval 60 * 3.1415926 / 180.0)" type="double"/>
    <param name="heading_planner/w" value="10.0" type="double"/>
    <param name="fsm/act_map" value="true" type="bool"/>
    <param name="fsm/act_map" value="false" type="bool"/>

    <param name="optimization/ld_view" value="0.0" type="double"/>
    <param name="optimization/wnl" value="1.0" type="double"/>
    <param name="visibility/visib_min" value="0.25" type="double"/>
    <param name="visibility/max_acc" value="$(arg max_acc)" type="double"/>
    <param name="visibility/r0" value="0.0" type="double"/>
    <param name="visibility/forward" value="0.5" type="double"/>
    <param name="visibility/max_safe_dist" value="2.7" type="double"/>
    <param name="visibility/safe_margin" value="0.5" type="double"/>

  </node>

</launch>